-- Books
INSERT INTO book(book_id, isbn, title, publication_date, price, genre)
VALUES(100, '978-0-01-363362-6', 'Brandy of the Damned', '2022-03-11', 50.84, 'Biography');
INSERT INTO book(book_id, isbn, title, publication_date, price, genre)
VALUES(101, '978-0-01-042632-8', 'The Needles Eye', '2009-11-23', 63.89, 'Novel');
INSERT INTO book(book_id, isbn, title, publication_date, price, genre)
VALUES(102, '978-0-01-081205-3', 'The Doors of Perception', '2014-06-11', 76.41, 'Novel');
INSERT INTO book(book_id, isbn, title, publication_date, price, genre)
VALUES(103, '978-0-01-058858-3', 'Beyond the Mexique Bay', '2020-06-23', 45.81, 'Horror');
INSERT INTO book(book_id, isbn, title, publication_date, price, genre)
VALUES(104, '978-0-01-181469-6', 'Clouds of Witness', '2000-12-27', 73.64, 'Reference book');
INSERT INTO book(book_id, isbn, title, publication_date, price, genre)
VALUES(105, '978-0-01-771031-2', 'The Green Bay Tree', '1999-10-15', 17.64, 'Science Fiction');
INSERT INTO book(book_id, isbn, title, publication_date, price, genre)
VALUES(106, '978-0-01-131094-9', 'A Scanner Darkly', '2004-09-24', 71.38, 'Reference book');
INSERT INTO book(book_id, isbn, title, publication_date, price, genre)
VALUES(107, '978-0-01-598268-9', 'Its a Battlefield', '2021-02-06', 73.07, 'Reference book');
INSERT INTO book(book_id, isbn, title, publication_date, price, genre)
VALUES(108, '978-0-01-817322-8', 'Frequent Hearses', '2010-04-06', 33.27, 'Biography');
INSERT INTO book(book_id, isbn, title, publication_date, price, genre)
VALUES(109, '978-0-01-651225-2', 'This Lime Tree Bower', '2019-10-17', 60.71, 'Thriller');
INSERT INTO book(book_id, isbn, title, publication_date, price, genre)
VALUES(110, '978-0-01-636182-2', 'Carrion Comfort', '2010-07-27', 28.10, 'Biography');
INSERT INTO book(book_id, isbn, title, publication_date, price, genre)
VALUES(111, '978-0-01-208773-3', 'Consider the Lilies', '1994-08-31', 30.22, 'Fantasy');
INSERT INTO book(book_id, isbn, title, publication_date, price, genre)
VALUES(112, '978-0-01-470850-3', 'Cover Her Face', '2001-09-06', 13.22, 'Novel');
INSERT INTO book(book_id, isbn, title, publication_date, price, genre)
VALUES(113, '978-0-01-517279-10', 'A Passage to India', '2002-01-29', 11.34, 'Fantasy');
INSERT INTO book(book_id, isbn, title, publication_date, price, genre)
VALUES(114, '978-0-01-434181-6', 'Unweaving the Rainbow', '2012-09-14', 20.46, 'Non-fiction book');
INSERT INTO book(book_id, isbn, title, publication_date, price, genre)
VALUES(115, '978-0-01-898465-8', 'Tender Is the Night', '1993-08-04', 57.42, 'Thriller');
INSERT INTO book(book_id, isbn, title, publication_date, price, genre)
VALUES(116, '978-0-01-599494-7', 'Antic Hay', '1992-03-11', 83.54, 'Fantasy');
INSERT INTO book(book_id, isbn, title, publication_date, price, genre)
VALUES(117, '978-0-01-673012-8', 'Oh! To be in England', '2016-01-14', 87.96, 'Non-fiction book');
INSERT INTO book(book_id, isbn, title, publication_date, price, genre)
VALUES(118, '978-0-01-271875-6', 'In a Glass Darkly', '2006-06-16', 73.31, 'Biography');
INSERT INTO book(book_id, isbn, title, publication_date, price, genre)
VALUES(119, '978-0-01-081001-2', 'I Sing the Body Electric', '2005-09-06', 89.75, 'Fantasy');
INSERT INTO book(book_id, isbn, title, publication_date, price, genre)
VALUES(120, '978-0-01-778568-9', 'Specimen Days', '2000-06-25', 89.25, 'Biography');
INSERT INTO book(book_id, isbn, title, publication_date, price, genre)
VALUES(121, '978-0-01-789919-10', 'Of Human Bondage', '1992-04-03', 12.29, 'Biography');
INSERT INTO book(book_id, isbn, title, publication_date, price, genre)
VALUES(122, '978-0-01-652715-8', 'Specimen Days', '2012-12-26', 82.66, 'Horror');
INSERT INTO book(book_id, isbn, title, publication_date, price, genre)
VALUES(123, '978-0-01-966988-8', 'Recalled to Life', '2008-01-12', 98.82, 'Non-fiction book');
INSERT INTO book(book_id, isbn, title, publication_date, price, genre)
VALUES(124, '978-0-01-389601-7', 'The Mermaids Singing', '2016-05-02', 20.41, 'Science Fiction');
INSERT INTO book(book_id, isbn, title, publication_date, price, genre)
VALUES(125, '978-0-01-912918-6', 'Cover Her Face', '2003-04-12', 72.33, 'Reference book');
INSERT INTO book(book_id, isbn, title, publication_date, price, genre)
VALUES(126, '978-0-01-992053-8', 'Endless Night', '2007-05-28', 43.71, 'Science Fiction');
INSERT INTO book(book_id, isbn, title, publication_date, price, genre)
VALUES(127, '978-0-01-514081-3', 'The Yellow Meads of Asphodel', '1997-09-01', 54.94, 'Fantasy');
INSERT INTO book(book_id, isbn, title, publication_date, price, genre)
VALUES(128, '978-0-01-783444-3', 'The Winds Twelve Quarters', '2010-05-30', 81.78, 'Fantasy');
INSERT INTO book(book_id, isbn, title, publication_date, price, genre)
VALUES(129, '978-0-01-131299-3', 'I Will Fear No Evil', '2010-03-06', 46.24, 'Thriller');
INSERT INTO book(book_id, isbn, title, publication_date, price, genre)
VALUES(130, '978-0-01-501878-4', 'Eyeless in Gaza', '2013-03-24', 47.59, 'Non-fiction book');
INSERT INTO book(book_id, isbn, title, publication_date, price, genre)
VALUES(131, '978-0-01-600869-6', 'The Way Through the Woods', '2014-04-02', 62.24, 'Horror');
INSERT INTO book(book_id, isbn, title, publication_date, price, genre)
VALUES(132, '978-0-01-839316-8', 'A Scanner Darkly', '2013-01-29', 90.05, 'Science Fiction');
INSERT INTO book(book_id, isbn, title, publication_date, price, genre)
VALUES(133, '978-0-01-082167-5', 'Things Fall Apart', '1995-08-07', 58.44, 'Fantasy');
INSERT INTO book(book_id, isbn, title, publication_date, price, genre)
VALUES(134, '978-0-01-465731-8', 'Fame Is the Spur', '2013-06-04', 54.70, 'Biography');
INSERT INTO book(book_id, isbn, title, publication_date, price, genre)
VALUES(135, '978-0-01-876773-1', 'Mr Standfast', '2018-09-29', 83.15, 'Fantasy');
INSERT INTO book(book_id, isbn, title, publication_date, price, genre)
VALUES(136, '978-0-01-171929-8', 'For a Breath I Tarry', '2009-06-15', 10.10, 'Thriller');
INSERT INTO book(book_id, isbn, title, publication_date, price, genre)
VALUES(137, '978-0-01-881646-10', 'The House of Mirth', '1995-08-20', 73.72, 'Non-fiction book');
INSERT INTO book(book_id, isbn, title, publication_date, price, genre)
VALUES(138, '978-0-01-071953-10', 'I Sing the Body Electric', '2022-11-03', 30.45, 'Horror');
INSERT INTO book(book_id, isbn, title, publication_date, price, genre)
VALUES(139, '978-0-01-274245-2', 'Tender Is the Night', '1991-10-05', 33.18, 'Science Fiction');
INSERT INTO book(book_id, isbn, title, publication_date, price, genre)
VALUES(140, '978-0-01-539081-1', 'This Side of Paradise', '2022-08-23', 50.26, 'Horror');
INSERT INTO book(book_id, isbn, title, publication_date, price, genre)
VALUES(141, '978-0-01-643620-3', 'Quo Vadis', '2015-04-04', 21.37, 'Non-fiction book');
INSERT INTO book(book_id, isbn, title, publication_date, price, genre)
VALUES(142, '978-0-01-829764-8', 'Blue Remembered Earth', '2014-03-21', 19.81, 'Thriller');
INSERT INTO book(book_id, isbn, title, publication_date, price, genre)
VALUES(143, '978-0-01-018391-9', 'Many Waters', '1992-12-09', 15.40, 'Reference book');
INSERT INTO book(book_id, isbn, title, publication_date, price, genre)
VALUES(144, '978-0-01-443301-7', 'For Whom the Bell Tolls', '2011-08-17', 78.68, 'Thriller');
INSERT INTO book(book_id, isbn, title, publication_date, price, genre)
VALUES(145, '978-0-01-363996-6', 'Dance Dance Dance', '2022-08-28', 62.23, 'Fantasy');
INSERT INTO book(book_id, isbn, title, publication_date, price, genre)
VALUES(146, '978-0-01-392536-8', 'Bloods a Rover', '2015-12-20', 13.85, 'Reference book');
INSERT INTO book(book_id, isbn, title, publication_date, price, genre)
VALUES(147, '978-0-01-894877-1', 'The Mermaids Singing', '2014-11-27', 92.99, 'Horror');
INSERT INTO book(book_id, isbn, title, publication_date, price, genre)
VALUES(148, '978-0-01-441321-3', 'Rosemary Sutcliff', '2010-12-03', 72.16, 'Fantasy');
INSERT INTO book(book_id, isbn, title, publication_date, price, genre)
VALUES(149, '978-0-01-591907-5', 'Little Hands Clapping', '1997-10-16', 43.27, 'Novel');
INSERT INTO book(book_id, isbn, title, publication_date, price, genre)
VALUES(150, '978-0-01-095415-3', 'A Catskill Eagle', '2003-07-23', 87.24, 'Fantasy');
INSERT INTO book(book_id, isbn, title, publication_date, price, genre)
VALUES(151, '978-0-01-014222-2', 'Consider Phlebas', '1990-04-26', 55.65, 'Fantasy');
INSERT INTO book(book_id, isbn, title, publication_date, price, genre)
VALUES(152, '978-0-01-546483-9', 'Tender Is the Night', '2019-08-17', 99.43, 'Novel');
INSERT INTO book(book_id, isbn, title, publication_date, price, genre)
VALUES(153, '978-0-01-958525-4', 'Carrion Comfort', '2018-03-06', 71.37, 'Biography');
INSERT INTO book(book_id, isbn, title, publication_date, price, genre)
VALUES(154, '978-0-01-862791-8', 'Now Sleeps the Crimson Petal', '1994-07-18', 30.00, 'Fantasy');
INSERT INTO book(book_id, isbn, title, publication_date, price, genre)
VALUES(155, '978-0-01-259112-9', 'O Pioneers!', '2017-12-06', 76.79, 'Biography');
INSERT INTO book(book_id, isbn, title, publication_date, price, genre)
VALUES(156, '978-0-01-947805-9', 'Unweaving the Rainbow', '2006-10-01', 97.05, 'Biography');
INSERT INTO book(book_id, isbn, title, publication_date, price, genre)
VALUES(157, '978-0-01-413060-9', 'Recalled to Life', '1990-05-06', 85.28, 'Biography');
INSERT INTO book(book_id, isbn, title, publication_date, price, genre)
VALUES(158, '978-0-01-134175-2', 'Recalled to Life', '1999-01-20', 39.12, 'Novel');
INSERT INTO book(book_id, isbn, title, publication_date, price, genre)
VALUES(159, '978-0-01-976799-10', 'The Skull Beneath the Skin', '1996-05-14', 33.47, 'Science Fiction');
INSERT INTO book(book_id, isbn, title, publication_date, price, genre)
VALUES(160, '978-0-01-181231-2', 'Bloods a Rover', '1996-01-05', 10.73, 'Reference book');
INSERT INTO book(book_id, isbn, title, publication_date, price, genre)
VALUES(161, '978-0-01-199725-8', 'The Violent Bear It Away', '2022-02-16', 36.74, 'Horror');
INSERT INTO book(book_id, isbn, title, publication_date, price, genre)
VALUES(162, '978-0-01-699526-4', 'The Golden Apples of the Sun', '2007-09-03', 55.61, 'Science Fiction');
INSERT INTO book(book_id, isbn, title, publication_date, price, genre)
VALUES(163, '978-0-01-527347-5', 'Nine Coaches Waiting', '2017-05-13', 96.65, 'Fantasy');
INSERT INTO book(book_id, isbn, title, publication_date, price, genre)
VALUES(164, '978-0-01-988199-4', 'All the Kings Men', '2005-01-30', 56.48, 'Reference book');
INSERT INTO book(book_id, isbn, title, publication_date, price, genre)
VALUES(165, '978-0-01-935304-1', 'Carrion Comfort', '2002-12-21', 72.82, 'Science Fiction');
INSERT INTO book(book_id, isbn, title, publication_date, price, genre)
VALUES(166, '978-0-01-502499-2', 'The Way of All Flesh', '2022-06-30', 92.51, 'Reference book');
INSERT INTO book(book_id, isbn, title, publication_date, price, genre)
VALUES(167, '978-0-01-629750-6', 'The Cricket on the Hearth', '1994-04-09', 99.80, 'Biography');
INSERT INTO book(book_id, isbn, title, publication_date, price, genre)
VALUES(168, '978-0-01-365423-2', 'A Time of Gifts', '2022-10-07', 71.44, 'Novel');
INSERT INTO book(book_id, isbn, title, publication_date, price, genre)
VALUES(169, '978-0-01-994756-2', 'The Monkeys Raincoat', '2018-06-27', 63.47, 'Horror');
INSERT INTO book(book_id, isbn, title, publication_date, price, genre)
VALUES(170, '978-0-01-396532-6', 'Beneath the Bleeding', '2015-08-21', 96.84, 'Science Fiction');
INSERT INTO book(book_id, isbn, title, publication_date, price, genre)
VALUES(171, '978-0-01-319076-2', 'Surprised by Joy', '2012-02-25', 46.40, 'Non-fiction book');
INSERT INTO book(book_id, isbn, title, publication_date, price, genre)
VALUES(172, '978-0-01-103553-6', 'Ego Dominus Tuus', '1990-11-01', 77.59, 'Biography');
INSERT INTO book(book_id, isbn, title, publication_date, price, genre)
VALUES(173, '978-0-01-393509-5', 'The Line of Beauty', '2010-08-12', 35.34, 'Non-fiction book');
INSERT INTO book(book_id, isbn, title, publication_date, price, genre)
VALUES(174, '978-0-01-980414-6', 'Brandy of the Damned', '2013-11-08', 81.02, 'Horror');
INSERT INTO book(book_id, isbn, title, publication_date, price, genre)
VALUES(175, '978-0-01-965339-9', 'Fear and Trembling', '2012-10-03', 45.93, 'Non-fiction book');
INSERT INTO book(book_id, isbn, title, publication_date, price, genre)
VALUES(176, '978-0-01-688626-7', 'Those Barren Leaves, Thrones, Dominations', '2013-04-26', 41.23, 'Fantasy');
INSERT INTO book(book_id, isbn, title, publication_date, price, genre)
VALUES(177, '978-0-01-063457-10', 'The Last Enemy', '2013-03-03', 85.93, 'Science Fiction');
INSERT INTO book(book_id, isbn, title, publication_date, price, genre)
VALUES(178, '978-0-01-601714-9', 'The World, the Flesh and the Devil', '2006-01-30', 77.21, 'Reference book');
INSERT INTO book(book_id, isbn, title, publication_date, price, genre)
VALUES(179, '978-0-01-692885-10', 'A Handful of Dust', '2000-08-28', 56.03, 'Science Fiction');
INSERT INTO book(book_id, isbn, title, publication_date, price, genre)
VALUES(180, '978-0-01-194361-9', 'Alone on a Wide, Wide Sea', '1996-12-22', 72.88, 'Thriller');
INSERT INTO book(book_id, isbn, title, publication_date, price, genre)
VALUES(181, '978-0-01-773374-7', 'In a Glass Darkly', '1994-08-23', 71.55, 'Non-fiction book');
INSERT INTO book(book_id, isbn, title, publication_date, price, genre)
VALUES(182, '978-0-01-832854-4', 'Lilies of the Field', '2008-06-23', 18.96, 'Fantasy');
INSERT INTO book(book_id, isbn, title, publication_date, price, genre)
VALUES(183, '978-0-01-822370-6', 'The Moon by Night', '2021-07-10', 34.72, 'Novel');
INSERT INTO book(book_id, isbn, title, publication_date, price, genre)
VALUES(184, '978-0-01-726348-9', 'Brandy of the Damned', '1995-07-24', 60.38, 'Novel');
INSERT INTO book(book_id, isbn, title, publication_date, price, genre)
VALUES(185, '978-0-01-913865-6', 'The World, the Flesh and the Devil', '1993-08-15', 23.58, 'Science Fiction');
INSERT INTO book(book_id, isbn, title, publication_date, price, genre)
VALUES(186, '978-0-01-449447-9', 'Absalom, Absalom!', '2014-04-21', 31.06, 'Biography');
INSERT INTO book(book_id, isbn, title, publication_date, price, genre)
VALUES(187, '978-0-01-866100-3', 'Mother Night', '2003-01-21', 12.01, 'Science Fiction');
INSERT INTO book(book_id, isbn, title, publication_date, price, genre)
VALUES(188, '978-0-01-893154-7', 'Tiger! Tiger!', '2012-06-24', 21.42, 'Novel');
INSERT INTO book(book_id, isbn, title, publication_date, price, genre)
VALUES(189, '978-0-01-347112-7', 'A Farewell to Arms', '2018-12-11', 85.62, 'Horror');
INSERT INTO book(book_id, isbn, title, publication_date, price, genre)
VALUES(190, '978-0-01-527320-7', 'Oh! To be in England', '2011-06-23', 72.93, 'Non-fiction book');
INSERT INTO book(book_id, isbn, title, publication_date, price, genre)
VALUES(191, '978-0-01-286160-2', 'The Road Less Traveled', '2009-07-24', 26.37, 'Horror');
INSERT INTO book(book_id, isbn, title, publication_date, price, genre)
VALUES(192, '978-0-01-176626-4', 'O Jerusalem!', '1995-07-01', 15.34, 'Novel');
INSERT INTO book(book_id, isbn, title, publication_date, price, genre)
VALUES(193, '978-0-01-455815-10', 'Blithe Spirit', '2003-12-27', 12.30, 'Novel');
INSERT INTO book(book_id, isbn, title, publication_date, price, genre)
VALUES(194, '978-0-01-441299-10', 'A Scanner Darkly', '2011-07-14', 11.23, 'Biography');
INSERT INTO book(book_id, isbn, title, publication_date, price, genre)
VALUES(195, '978-0-01-589132-8', 'The Sun Also Rises', '2006-05-20', 24.50, 'Horror');
INSERT INTO book(book_id, isbn, title, publication_date, price, genre)
VALUES(196, '978-0-01-776808-6', 'A Summer Bird-Cage', '2022-07-10', 38.39, 'Science Fiction');
INSERT INTO book(book_id, isbn, title, publication_date, price, genre)
VALUES(197, '978-0-01-737435-9', 'A Time of Gifts', '2012-01-06', 39.36, 'Novel');
INSERT INTO book(book_id, isbn, title, publication_date, price, genre)
VALUES(198, '978-0-01-385226-6', 'A Time of Gifts', '2020-03-06', 40.21, 'Reference book');
INSERT INTO book(book_id, isbn, title, publication_date, price, genre)
VALUES(199, '978-0-01-882640-7', 'Beyond the Mexique Bay', '1997-08-12', 89.84, 'Biography');
INSERT INTO book(book_id, isbn, title, publication_date, price, genre)
VALUES(200, '978-0-01-778831-6', 'Noli Me Tangere', '2017-07-06', 51.55, 'Thriller');

-- Authors
INSERT INTO author(author_id, first_name, last_name)
VALUES(100, 'Rashad', 'Harris');
INSERT INTO author(author_id, first_name, last_name)
VALUES(101, 'Darline', 'Kilback');
INSERT INTO author(author_id, first_name, last_name)
VALUES(102, 'Delisa', 'Konopelski');
INSERT INTO author(author_id, first_name, last_name)
VALUES(103, 'Ambrose', 'Thiel');
INSERT INTO author(author_id, first_name, last_name)
VALUES(104, 'Buddy', 'Lehner');
INSERT INTO author(author_id, first_name, last_name)
VALUES(105, 'Rudy', 'McClure');
INSERT INTO author(author_id, first_name, last_name)
VALUES(106, 'Gladys', 'Abernathy');
INSERT INTO author(author_id, first_name, last_name)
VALUES(107, 'Tasha', 'Jaskolski');
INSERT INTO author(author_id, first_name, last_name)
VALUES(108, 'Garnett', 'Lowe');
INSERT INTO author(author_id, first_name, last_name)
VALUES(109, 'Kurt', 'Schultz');
INSERT INTO author(author_id, first_name, last_name)
VALUES(110, 'Mirta', 'Ledner');
INSERT INTO author(author_id, first_name, last_name)
VALUES(111, 'Magdalena', 'Zulauf');
INSERT INTO author(author_id, first_name, last_name)
VALUES(112, 'Gerardo', 'Turner');
INSERT INTO author(author_id, first_name, last_name)
VALUES(113, 'Josue', 'Langosh');
INSERT INTO author(author_id, first_name, last_name)
VALUES(114, 'Pierre', 'Rolfson');
INSERT INTO author(author_id, first_name, last_name)
VALUES(115, 'Patience', 'Reilly');
INSERT INTO author(author_id, first_name, last_name)
VALUES(116, 'Lowell', 'Yost');
INSERT INTO author(author_id, first_name, last_name)
VALUES(117, 'Dean', 'Labadie');
INSERT INTO author(author_id, first_name, last_name)
VALUES(118, 'Horacio', 'Nader');
INSERT INTO author(author_id, first_name, last_name)
VALUES(119, 'Myriam', 'Graham');
INSERT INTO author(author_id, first_name, last_name)
VALUES(120, 'Virgie', 'Spinka');
INSERT INTO author(author_id, first_name, last_name)
VALUES(121, 'Brandie', 'Miller');
INSERT INTO author(author_id, first_name, last_name)
VALUES(122, 'Shanelle', 'Ratke');
INSERT INTO author(author_id, first_name, last_name)
VALUES(123, 'Lupe', 'Balistreri');
INSERT INTO author(author_id, first_name, last_name)
VALUES(124, 'Conchita', 'Mayer');
INSERT INTO author(author_id, first_name, last_name)
VALUES(125, 'Denice', 'Gutkowski');
INSERT INTO author(author_id, first_name, last_name)
VALUES(126, 'Latina', 'Hoeger');
INSERT INTO author(author_id, first_name, last_name)
VALUES(127, 'Verlie', 'Jakubowski');
INSERT INTO author(author_id, first_name, last_name)
VALUES(128, 'Irving', 'Hand');
INSERT INTO author(author_id, first_name, last_name)
VALUES(129, 'Craig', 'Goyette');
INSERT INTO author(author_id, first_name, last_name)
VALUES(130, 'Ruthanne', 'Kautzer');
INSERT INTO author(author_id, first_name, last_name)
VALUES(131, 'Ira', 'Anderson');
INSERT INTO author(author_id, first_name, last_name)
VALUES(132, 'Kyla', 'Gutkowski');
INSERT INTO author(author_id, first_name, last_name)
VALUES(133, 'Aurelio', 'Pacocha');
INSERT INTO author(author_id, first_name, last_name)
VALUES(134, 'Valentine', 'Ryan');
INSERT INTO author(author_id, first_name, last_name)
VALUES(135, 'Freeman', 'Harvey');
INSERT INTO author(author_id, first_name, last_name)
VALUES(136, 'Napoleon', 'Smith');
INSERT INTO author(author_id, first_name, last_name)
VALUES(137, 'Tandra', 'Gleichner');
INSERT INTO author(author_id, first_name, last_name)
VALUES(138, 'Melvin', 'Pouros');
INSERT INTO author(author_id, first_name, last_name)
VALUES(139, 'Keira', 'Berge');
INSERT INTO author(author_id, first_name, last_name)
VALUES(140, 'Renaldo', 'Boyer');
INSERT INTO author(author_id, first_name, last_name)
VALUES(141, 'Coleman', 'Leuschke');
INSERT INTO author(author_id, first_name, last_name)
VALUES(142, 'Kati', 'Hartmann');
INSERT INTO author(author_id, first_name, last_name)
VALUES(143, 'Christopher', 'Olson');
INSERT INTO author(author_id, first_name, last_name)
VALUES(144, 'Cristobal', 'Streich');
INSERT INTO author(author_id, first_name, last_name)
VALUES(145, 'Darryl', 'Heaney');
INSERT INTO author(author_id, first_name, last_name)
VALUES(146, 'Tyrell', 'Reynolds');
INSERT INTO author(author_id, first_name, last_name)
VALUES(147, 'Demarcus', 'Little');
INSERT INTO author(author_id, first_name, last_name)
VALUES(148, 'Matthew', 'Gleason');
INSERT INTO author(author_id, first_name, last_name)
VALUES(149, 'Esteban', 'Marks');
INSERT INTO author(author_id, first_name, last_name)
VALUES(150, 'Anita', 'Parisian');
INSERT INTO author(author_id, first_name, last_name)
VALUES(151, 'Shawnee', 'Connelly');
INSERT INTO author(author_id, first_name, last_name)
VALUES(152, 'Son', 'Cremin');
INSERT INTO author(author_id, first_name, last_name)
VALUES(153, 'Danille', 'Lubowitz');
INSERT INTO author(author_id, first_name, last_name)
VALUES(154, 'Laurene', 'Kemmer');
INSERT INTO author(author_id, first_name, last_name)
VALUES(155, 'Arden', 'Little');
INSERT INTO author(author_id, first_name, last_name)
VALUES(156, 'Yvette', 'Howe');
INSERT INTO author(author_id, first_name, last_name)
VALUES(157, 'Kera', 'Williamson');
INSERT INTO author(author_id, first_name, last_name)
VALUES(158, 'Gerry', 'Schmeler');
INSERT INTO author(author_id, first_name, last_name)
VALUES(159, 'Gwenn', 'Quitzon');
INSERT INTO author(author_id, first_name, last_name)
VALUES(160, 'Delicia', 'Schmitt');
INSERT INTO author(author_id, first_name, last_name)
VALUES(161, 'Corrin', 'Kertzmann');
INSERT INTO author(author_id, first_name, last_name)
VALUES(162, 'Hope', 'Herzog');
INSERT INTO author(author_id, first_name, last_name)
VALUES(163, 'Roseanne', 'Bartell');
INSERT INTO author(author_id, first_name, last_name)
VALUES(164, 'Lucius', 'Cremin');
INSERT INTO author(author_id, first_name, last_name)
VALUES(165, 'Dusty', 'Lang');
INSERT INTO author(author_id, first_name, last_name)
VALUES(166, 'Alexander', 'Koch');
INSERT INTO author(author_id, first_name, last_name)
VALUES(167, 'Kendra', 'Bruen');
INSERT INTO author(author_id, first_name, last_name)
VALUES(168, 'Isaiah', 'Bashirian');
INSERT INTO author(author_id, first_name, last_name)
VALUES(169, 'Pilar', 'McDermott');
INSERT INTO author(author_id, first_name, last_name)
VALUES(170, 'Odette', 'Jacobson');
INSERT INTO author(author_id, first_name, last_name)
VALUES(171, 'Euna', 'Howell');
INSERT INTO author(author_id, first_name, last_name)
VALUES(172, 'Booker', 'MacGyver');
INSERT INTO author(author_id, first_name, last_name)
VALUES(173, 'Carey', 'OConner');
INSERT INTO author(author_id, first_name, last_name)
VALUES(174, 'Clemente', 'Gerhold');
INSERT INTO author(author_id, first_name, last_name)
VALUES(175, 'Merle', 'Donnelly');
INSERT INTO author(author_id, first_name, last_name)
VALUES(176, 'Bradford', 'Batz');
INSERT INTO author(author_id, first_name, last_name)
VALUES(177, 'Maire', 'Gulgowski');
INSERT INTO author(author_id, first_name, last_name)
VALUES(178, 'Edmundo', 'Lang');
INSERT INTO author(author_id, first_name, last_name)
VALUES(179, 'Theresia', 'Cassin');
INSERT INTO author(author_id, first_name, last_name)
VALUES(180, 'Tobi', 'Dare');
INSERT INTO author(author_id, first_name, last_name)
VALUES(181, 'Emile', 'Bosco');
INSERT INTO author(author_id, first_name, last_name)
VALUES(182, 'Fannie', 'Boyle');
INSERT INTO author(author_id, first_name, last_name)
VALUES(183, 'Shanita', 'Harris');
INSERT INTO author(author_id, first_name, last_name)
VALUES(184, 'Reita', 'Halvorson');
INSERT INTO author(author_id, first_name, last_name)
VALUES(185, 'Nannette', 'Runolfsdottir');
INSERT INTO author(author_id, first_name, last_name)
VALUES(186, 'Dianna', 'DAmore');
INSERT INTO author(author_id, first_name, last_name)
VALUES(187, 'Jerrell', 'Mosciski');
INSERT INTO author(author_id, first_name, last_name)
VALUES(188, 'Lavern', 'Schulist');
INSERT INTO author(author_id, first_name, last_name)
VALUES(189, 'Consuela', 'Goodwin');
INSERT INTO author(author_id, first_name, last_name)
VALUES(190, 'Karisa', 'Wiegand');
INSERT INTO author(author_id, first_name, last_name)
VALUES(191, 'Perry', 'Will');
INSERT INTO author(author_id, first_name, last_name)
VALUES(192, 'Madalyn', 'Bahringer');
INSERT INTO author(author_id, first_name, last_name)
VALUES(193, 'Charolette', 'Green');
INSERT INTO author(author_id, first_name, last_name)
VALUES(194, 'Nobuko', 'Gibson');
INSERT INTO author(author_id, first_name, last_name)
VALUES(195, 'Alexander', 'Ritchie');
INSERT INTO author(author_id, first_name, last_name)
VALUES(196, 'Lowell', 'Roob');
INSERT INTO author(author_id, first_name, last_name)
VALUES(197, 'Lanny', 'Ritchie');
INSERT INTO author(author_id, first_name, last_name)
VALUES(198, 'Lonnie', 'Toy');
INSERT INTO author(author_id, first_name, last_name)
VALUES(199, 'Ashlee', 'Feeney');
INSERT INTO author(author_id, first_name, last_name)
VALUES(200, 'Stewart', 'Baumbach');
INSERT INTO author(author_id, first_name, last_name)
VALUES(201, 'Joetta', 'Bernhard');
INSERT INTO author(author_id, first_name, last_name)
VALUES(202, 'Keisha', 'Hirthe');
INSERT INTO author(author_id, first_name, last_name)
VALUES(203, 'Carmelo', 'Volkman');
INSERT INTO author(author_id, first_name, last_name)
VALUES(204, 'Sandy', 'Nader');
INSERT INTO author(author_id, first_name, last_name)
VALUES(205, 'Santos', 'Wolf');
INSERT INTO author(author_id, first_name, last_name)
VALUES(206, 'Michiko', 'Spinka');
INSERT INTO author(author_id, first_name, last_name)
VALUES(207, 'Shawn', 'Brown');
INSERT INTO author(author_id, first_name, last_name)
VALUES(208, 'Winfred', 'Schinner');
INSERT INTO author(author_id, first_name, last_name)
VALUES(209, 'Jerrold', 'Robel');
INSERT INTO author(author_id, first_name, last_name)
VALUES(210, 'Bronwyn', 'Casper');
INSERT INTO author(author_id, first_name, last_name)
VALUES(211, 'Lorilee', 'Johns');
INSERT INTO author(author_id, first_name, last_name)
VALUES(212, 'Gail', 'Bartoletti');
INSERT INTO author(author_id, first_name, last_name)
VALUES(213, 'Dan', 'Watsica');
INSERT INTO author(author_id, first_name, last_name)
VALUES(214, 'Julietta', 'Tillman');
INSERT INTO author(author_id, first_name, last_name)
VALUES(215, 'Grisel', 'Towne');
INSERT INTO author(author_id, first_name, last_name)
VALUES(216, 'Socorro', 'OHara');
INSERT INTO author(author_id, first_name, last_name)
VALUES(217, 'Nickolas', 'Lang');
INSERT INTO author(author_id, first_name, last_name)
VALUES(218, 'Gerard', 'Becker');
INSERT INTO author(author_id, first_name, last_name)
VALUES(219, 'Douglass', 'Olson');
INSERT INTO author(author_id, first_name, last_name)
VALUES(220, 'Bobbie', 'Krajcik');
INSERT INTO author(author_id, first_name, last_name)
VALUES(221, 'Bill', 'Bernier');
INSERT INTO author(author_id, first_name, last_name)
VALUES(222, 'Diego', 'Bahringer');
INSERT INTO author(author_id, first_name, last_name)
VALUES(223, 'Kelly', 'Wyman');
INSERT INTO author(author_id, first_name, last_name)
VALUES(224, 'Lorette', 'Oberbrunner');
INSERT INTO author(author_id, first_name, last_name)
VALUES(225, 'Neely', 'Armstrong');
INSERT INTO author(author_id, first_name, last_name)
VALUES(226, 'Derrick', 'Wolff');
INSERT INTO author(author_id, first_name, last_name)
VALUES(227, 'Mario', 'OKeefe');
INSERT INTO author(author_id, first_name, last_name)
VALUES(228, 'Lowell', 'Schumm');
INSERT INTO author(author_id, first_name, last_name)
VALUES(229, 'Shaunda', 'Medhurst');
INSERT INTO author(author_id, first_name, last_name)
VALUES(230, 'Bennie', 'DAmore');
INSERT INTO author(author_id, first_name, last_name)
VALUES(231, 'Abdul', 'Bashirian');
INSERT INTO author(author_id, first_name, last_name)
VALUES(232, 'Ferdinand', 'Harris');
INSERT INTO author(author_id, first_name, last_name)
VALUES(233, 'Hilario', 'Yost');
INSERT INTO author(author_id, first_name, last_name)
VALUES(234, 'Keneth', 'Nienow');
INSERT INTO author(author_id, first_name, last_name)
VALUES(235, 'Clelia', 'Mraz');
INSERT INTO author(author_id, first_name, last_name)
VALUES(236, 'Berneice', 'Lindgren');
INSERT INTO author(author_id, first_name, last_name)
VALUES(237, 'Curtis', 'Treutel');
INSERT INTO author(author_id, first_name, last_name)
VALUES(238, 'Chong', 'Maggio');
INSERT INTO author(author_id, first_name, last_name)
VALUES(239, 'Elina', 'Carter');
INSERT INTO author(author_id, first_name, last_name)
VALUES(240, 'Roger', 'Kessler');
INSERT INTO author(author_id, first_name, last_name)
VALUES(241, 'Monique', 'Mueller');
INSERT INTO author(author_id, first_name, last_name)
VALUES(242, 'Cortez', 'Fahey');
INSERT INTO author(author_id, first_name, last_name)
VALUES(243, 'Andre', 'Hane');
INSERT INTO author(author_id, first_name, last_name)
VALUES(244, 'Candace', 'Jaskolski');
INSERT INTO author(author_id, first_name, last_name)
VALUES(245, 'Corey', 'Auer');
INSERT INTO author(author_id, first_name, last_name)
VALUES(246, 'Rona', 'Swift');
INSERT INTO author(author_id, first_name, last_name)
VALUES(247, 'Carleen', 'Kunze');
INSERT INTO author(author_id, first_name, last_name)
VALUES(248, 'Marchelle', 'Williamson');
INSERT INTO author(author_id, first_name, last_name)
VALUES(249, 'Rigoberto', 'Brakus');
INSERT INTO author(author_id, first_name, last_name)
VALUES(250, 'Charley', 'Olson');
INSERT INTO author(author_id, first_name, last_name)
VALUES(251, 'Sally', 'Dooley');
INSERT INTO author(author_id, first_name, last_name)
VALUES(252, 'Porfirio', 'Quigley');
INSERT INTO author(author_id, first_name, last_name)
VALUES(253, 'Leif', 'Turcotte');
INSERT INTO author(author_id, first_name, last_name)
VALUES(254, 'Joyce', 'Bartell');
INSERT INTO author(author_id, first_name, last_name)
VALUES(255, 'Dirk', 'Crooks');
INSERT INTO author(author_id, first_name, last_name)
VALUES(256, 'Shenita', 'Mosciski');
INSERT INTO author(author_id, first_name, last_name)
VALUES(257, 'Rigoberto', 'Bartoletti');
INSERT INTO author(author_id, first_name, last_name)
VALUES(258, 'Federico', 'Kovacek');
INSERT INTO author(author_id, first_name, last_name)
VALUES(259, 'Lou', 'Schumm');
INSERT INTO author(author_id, first_name, last_name)
VALUES(260, 'Damion', 'Kling');
INSERT INTO author(author_id, first_name, last_name)
VALUES(261, 'Granville', 'Muller');
INSERT INTO author(author_id, first_name, last_name)
VALUES(262, 'Sammie', 'Botsford');
INSERT INTO author(author_id, first_name, last_name)
VALUES(263, 'Jan', 'Ledner');
INSERT INTO author(author_id, first_name, last_name)
VALUES(264, 'Tyrell', 'Gutmann');
INSERT INTO author(author_id, first_name, last_name)
VALUES(265, 'Garfield', 'Carter');
INSERT INTO author(author_id, first_name, last_name)
VALUES(266, 'Merle', 'OReilly');
INSERT INTO author(author_id, first_name, last_name)
VALUES(267, 'Jesus', 'Wolf');
INSERT INTO author(author_id, first_name, last_name)
VALUES(268, 'Deeanna', 'Wilderman');
INSERT INTO author(author_id, first_name, last_name)
VALUES(269, 'Stanford', 'Yundt');
INSERT INTO author(author_id, first_name, last_name)
VALUES(270, 'Vertie', 'Kassulke');
INSERT INTO author(author_id, first_name, last_name)
VALUES(271, 'Tory', 'McLaughlin');
INSERT INTO author(author_id, first_name, last_name)
VALUES(272, 'Hui', 'Cole');
INSERT INTO author(author_id, first_name, last_name)
VALUES(273, 'Von', 'Erdman');
INSERT INTO author(author_id, first_name, last_name)
VALUES(274, 'Kelley', 'Boehm');
INSERT INTO author(author_id, first_name, last_name)
VALUES(275, 'Garnett', 'Lynch');
INSERT INTO author(author_id, first_name, last_name)
VALUES(276, 'Jone', 'Dooley');
INSERT INTO author(author_id, first_name, last_name)
VALUES(277, 'Lorene', 'Harvey');
INSERT INTO author(author_id, first_name, last_name)
VALUES(278, 'Jeremy', 'Satterfield');
INSERT INTO author(author_id, first_name, last_name)
VALUES(279, 'Linsey', 'Jacobson');
INSERT INTO author(author_id, first_name, last_name)
VALUES(280, 'Heriberto', 'Moen');
INSERT INTO author(author_id, first_name, last_name)
VALUES(281, 'Wai', 'Weber');
INSERT INTO author(author_id, first_name, last_name)
VALUES(282, 'Rueben', 'Windler');
INSERT INTO author(author_id, first_name, last_name)
VALUES(283, 'Etha', 'Wunsch');
INSERT INTO author(author_id, first_name, last_name)
VALUES(284, 'Mabelle', 'Howell');
INSERT INTO author(author_id, first_name, last_name)
VALUES(285, 'Eula', 'Rosenbaum');
INSERT INTO author(author_id, first_name, last_name)
VALUES(286, 'Darcy', 'Hane');
INSERT INTO author(author_id, first_name, last_name)
VALUES(287, 'Quinn', 'Kozey');
INSERT INTO author(author_id, first_name, last_name)
VALUES(288, 'Ollie', 'Legros');
INSERT INTO author(author_id, first_name, last_name)
VALUES(289, 'Marybelle', 'Yost');
INSERT INTO author(author_id, first_name, last_name)
VALUES(290, 'Olin', 'Renner');
INSERT INTO author(author_id, first_name, last_name)
VALUES(291, 'Mariano', 'Ratke');
INSERT INTO author(author_id, first_name, last_name)
VALUES(292, 'Deandrea', 'Bayer');
INSERT INTO author(author_id, first_name, last_name)
VALUES(293, 'Wilda', 'Koch');
INSERT INTO author(author_id, first_name, last_name)
VALUES(294, 'Luana', 'King');
INSERT INTO author(author_id, first_name, last_name)
VALUES(295, 'Bernie', 'Hirthe');
INSERT INTO author(author_id, first_name, last_name)
VALUES(296, 'Harley', 'Beatty');
INSERT INTO author(author_id, first_name, last_name)
VALUES(297, 'Randy', 'Spinka');
INSERT INTO author(author_id, first_name, last_name)
VALUES(298, 'Edward', 'Schimmel');
INSERT INTO author(author_id, first_name, last_name)
VALUES(299, 'Iona', 'Schamberger');
INSERT INTO author(author_id, first_name, last_name)
VALUES(300, 'Valentine', 'Hodkiewicz');
INSERT INTO author(author_id, first_name, last_name)
VALUES(301, 'Richard', 'Collins');
INSERT INTO author(author_id, first_name, last_name)
VALUES(302, 'Trenton', 'Harvey');
INSERT INTO author(author_id, first_name, last_name)
VALUES(303, 'Maryln', 'Rodriguez');
INSERT INTO author(author_id, first_name, last_name)
VALUES(304, 'Janett', 'Kub');
INSERT INTO author(author_id, first_name, last_name)
VALUES(305, 'Toccara', 'Bernhard');
INSERT INTO author(author_id, first_name, last_name)
VALUES(306, 'Fay', 'Medhurst');
INSERT INTO author(author_id, first_name, last_name)
VALUES(307, 'Jamila', 'Herman');
INSERT INTO author(author_id, first_name, last_name)
VALUES(308, 'Natashia', 'Hessel');
INSERT INTO author(author_id, first_name, last_name)
VALUES(309, 'Aron', 'Raynor');
INSERT INTO author(author_id, first_name, last_name)
VALUES(310, 'Usha', 'Mohr');
INSERT INTO author(author_id, first_name, last_name)
VALUES(311, 'Rhett', 'Keeling');
INSERT INTO author(author_id, first_name, last_name)
VALUES(312, 'Marita', 'Ortiz');
INSERT INTO author(author_id, first_name, last_name)
VALUES(313, 'Francesco', 'Schmidt');
INSERT INTO author(author_id, first_name, last_name)
VALUES(314, 'Eveline', 'Bailey');
INSERT INTO author(author_id, first_name, last_name)
VALUES(315, 'Boyd', 'Krajcik');
INSERT INTO author(author_id, first_name, last_name)
VALUES(316, 'Bruce', 'Schumm');
INSERT INTO author(author_id, first_name, last_name)
VALUES(317, 'Joey', 'Osinski');
INSERT INTO author(author_id, first_name, last_name)
VALUES(318, 'Terence', 'Hayes');
INSERT INTO author(author_id, first_name, last_name)
VALUES(319, 'Roxie', 'Koch');
INSERT INTO author(author_id, first_name, last_name)
VALUES(320, 'Merry', 'Reinger');
INSERT INTO author(author_id, first_name, last_name)
VALUES(321, 'Karlene', 'Bradtke');
INSERT INTO author(author_id, first_name, last_name)
VALUES(322, 'Elmer', 'Harvey');
INSERT INTO author(author_id, first_name, last_name)
VALUES(323, 'Hugh', 'Hackett');
INSERT INTO author(author_id, first_name, last_name)
VALUES(324, 'Kerry', 'Marvin');
INSERT INTO author(author_id, first_name, last_name)
VALUES(325, 'Deirdre', 'Kihn');
INSERT INTO author(author_id, first_name, last_name)
VALUES(326, 'Autumn', 'Gorczany');
INSERT INTO author(author_id, first_name, last_name)
VALUES(327, 'Petra', 'Barton');
INSERT INTO author(author_id, first_name, last_name)
VALUES(328, 'Devorah', 'Jakubowski');
INSERT INTO author(author_id, first_name, last_name)
VALUES(329, 'Isa', 'Moore');
INSERT INTO author(author_id, first_name, last_name)
VALUES(330, 'Caridad', 'Vandervort');
INSERT INTO author(author_id, first_name, last_name)
VALUES(331, 'Drew', 'Hettinger');
INSERT INTO author(author_id, first_name, last_name)
VALUES(332, 'Lloyd', 'Ernser');
INSERT INTO author(author_id, first_name, last_name)
VALUES(333, 'Jeff', 'Howell');
INSERT INTO author(author_id, first_name, last_name)
VALUES(334, 'Milton', 'Shields');
INSERT INTO author(author_id, first_name, last_name)
VALUES(335, 'Fannie', 'Wiza');
INSERT INTO author(author_id, first_name, last_name)
VALUES(336, 'Calvin', 'Harber');
INSERT INTO author(author_id, first_name, last_name)
VALUES(337, 'Luther', 'Ferry');
INSERT INTO author(author_id, first_name, last_name)
VALUES(338, 'Reginald', 'McGlynn');
INSERT INTO author(author_id, first_name, last_name)
VALUES(339, 'Georgiana', 'Pouros');
INSERT INTO author(author_id, first_name, last_name)
VALUES(340, 'Vincenzo', 'Braun');
INSERT INTO author(author_id, first_name, last_name)
VALUES(341, 'Hal', 'Thompson');
INSERT INTO author(author_id, first_name, last_name)
VALUES(342, 'Effie', 'Nader');
INSERT INTO author(author_id, first_name, last_name)
VALUES(343, 'Mardell', 'Schiller');
INSERT INTO author(author_id, first_name, last_name)
VALUES(344, 'Lynn', 'Hodkiewicz');
INSERT INTO author(author_id, first_name, last_name)
VALUES(345, 'Ismael', 'Boyer');
INSERT INTO author(author_id, first_name, last_name)
VALUES(346, 'Hilma', 'Bogisich');
INSERT INTO author(author_id, first_name, last_name)
VALUES(347, 'Long', 'Walker');
INSERT INTO author(author_id, first_name, last_name)
VALUES(348, 'Luciano', 'Nitzsche');
INSERT INTO author(author_id, first_name, last_name)
VALUES(349, 'Columbus', 'Schroeder');
INSERT INTO author(author_id, first_name, last_name)
VALUES(350, 'Tisha', 'Stiedemann');
INSERT INTO author(author_id, first_name, last_name)
VALUES(351, 'Lynne', 'Monahan');
INSERT INTO author(author_id, first_name, last_name)
VALUES(352, 'Isabelle', 'Feest');
INSERT INTO author(author_id, first_name, last_name)
VALUES(353, 'Myles', 'Leffler');
INSERT INTO author(author_id, first_name, last_name)
VALUES(354, 'Elmer', 'Cruickshank');
INSERT INTO author(author_id, first_name, last_name)
VALUES(355, 'Phung', 'Cassin');
INSERT INTO author(author_id, first_name, last_name)
VALUES(356, 'Chong', 'Krajcik');
INSERT INTO author(author_id, first_name, last_name)
VALUES(357, 'Shalonda', 'Buckridge');
INSERT INTO author(author_id, first_name, last_name)
VALUES(358, 'Maybelle', 'Schinner');
INSERT INTO author(author_id, first_name, last_name)
VALUES(359, 'Stevie', 'Kunze');
INSERT INTO author(author_id, first_name, last_name)
VALUES(360, 'Aldo', 'McClure');
INSERT INTO author(author_id, first_name, last_name)
VALUES(361, 'Larry', 'Waters');
INSERT INTO author(author_id, first_name, last_name)
VALUES(362, 'Cathie', 'Friesen');
INSERT INTO author(author_id, first_name, last_name)
VALUES(363, 'Anika', 'Shanahan');
INSERT INTO author(author_id, first_name, last_name)
VALUES(364, 'Hal', 'Considine');
INSERT INTO author(author_id, first_name, last_name)
VALUES(365, 'Leo', 'Boehm');
INSERT INTO author(author_id, first_name, last_name)
VALUES(366, 'Devorah', 'Hackett');
INSERT INTO author(author_id, first_name, last_name)
VALUES(367, 'Virginia', 'Treutel');
INSERT INTO author(author_id, first_name, last_name)
VALUES(368, 'Kayleigh', 'Dietrich');
INSERT INTO author(author_id, first_name, last_name)
VALUES(369, 'Deidre', 'Watsica');
INSERT INTO author(author_id, first_name, last_name)
VALUES(370, 'Alphonse', 'Koepp');
INSERT INTO author(author_id, first_name, last_name)
VALUES(371, 'Melany', 'Ritchie');
INSERT INTO author(author_id, first_name, last_name)
VALUES(372, 'Vincent', 'Harber');
INSERT INTO author(author_id, first_name, last_name)
VALUES(373, 'Idella', 'Kautzer');
INSERT INTO author(author_id, first_name, last_name)
VALUES(374, 'Lekisha', 'Hane');
INSERT INTO author(author_id, first_name, last_name)
VALUES(375, 'Rosaura', 'Mueller');
INSERT INTO author(author_id, first_name, last_name)
VALUES(376, 'Jackson', 'Pollich');
INSERT INTO author(author_id, first_name, last_name)
VALUES(377, 'Gay', 'Cassin');
INSERT INTO author(author_id, first_name, last_name)
VALUES(378, 'Catrina', 'Wintheiser');
INSERT INTO author(author_id, first_name, last_name)
VALUES(379, 'Alana', 'Kris');
INSERT INTO author(author_id, first_name, last_name)
VALUES(380, 'Briana', 'Heller');
INSERT INTO author(author_id, first_name, last_name)
VALUES(381, 'Gavin', 'Johns');

-- Relationships between book and author
INSERT INTO written_by(book_id, author_id)
VALUES(100, 100);
INSERT INTO written_by(book_id, author_id)
VALUES(100, 101);
INSERT INTO written_by(book_id, author_id)
VALUES(100, 102);
INSERT INTO written_by(book_id, author_id)
VALUES(101, 103);
INSERT INTO written_by(book_id, author_id)
VALUES(101, 104);
INSERT INTO written_by(book_id, author_id)
VALUES(102, 105);
INSERT INTO written_by(book_id, author_id)
VALUES(103, 106);
INSERT INTO written_by(book_id, author_id)
VALUES(104, 107);
INSERT INTO written_by(book_id, author_id)
VALUES(104, 108);
INSERT INTO written_by(book_id, author_id)
VALUES(104, 109);
INSERT INTO written_by(book_id, author_id)
VALUES(105, 110);
INSERT INTO written_by(book_id, author_id)
VALUES(106, 111);
INSERT INTO written_by(book_id, author_id)
VALUES(106, 112);
INSERT INTO written_by(book_id, author_id)
VALUES(106, 113);
INSERT INTO written_by(book_id, author_id)
VALUES(106, 114);
INSERT INTO written_by(book_id, author_id)
VALUES(107, 115);
INSERT INTO written_by(book_id, author_id)
VALUES(108, 116);
INSERT INTO written_by(book_id, author_id)
VALUES(108, 117);
INSERT INTO written_by(book_id, author_id)
VALUES(108, 118);
INSERT INTO written_by(book_id, author_id)
VALUES(109, 119);
INSERT INTO written_by(book_id, author_id)
VALUES(109, 120);
INSERT INTO written_by(book_id, author_id)
VALUES(109, 121);
INSERT INTO written_by(book_id, author_id)
VALUES(109, 122);
INSERT INTO written_by(book_id, author_id)
VALUES(110, 123);
INSERT INTO written_by(book_id, author_id)
VALUES(110, 124);
INSERT INTO written_by(book_id, author_id)
VALUES(110, 125);
INSERT INTO written_by(book_id, author_id)
VALUES(110, 126);
INSERT INTO written_by(book_id, author_id)
VALUES(110, 127);
INSERT INTO written_by(book_id, author_id)
VALUES(111, 128);
INSERT INTO written_by(book_id, author_id)
VALUES(112, 129);
INSERT INTO written_by(book_id, author_id)
VALUES(113, 130);
INSERT INTO written_by(book_id, author_id)
VALUES(113, 131);
INSERT INTO written_by(book_id, author_id)
VALUES(113, 132);
INSERT INTO written_by(book_id, author_id)
VALUES(113, 133);
INSERT INTO written_by(book_id, author_id)
VALUES(113, 134);
INSERT INTO written_by(book_id, author_id)
VALUES(114, 135);
INSERT INTO written_by(book_id, author_id)
VALUES(115, 136);
INSERT INTO written_by(book_id, author_id)
VALUES(116, 137);
INSERT INTO written_by(book_id, author_id)
VALUES(116, 138);
INSERT INTO written_by(book_id, author_id)
VALUES(116, 139);
INSERT INTO written_by(book_id, author_id)
VALUES(117, 140);
INSERT INTO written_by(book_id, author_id)
VALUES(117, 141);
INSERT INTO written_by(book_id, author_id)
VALUES(117, 142);
INSERT INTO written_by(book_id, author_id)
VALUES(117, 143);
INSERT INTO written_by(book_id, author_id)
VALUES(117, 144);
INSERT INTO written_by(book_id, author_id)
VALUES(118, 145);
INSERT INTO written_by(book_id, author_id)
VALUES(119, 146);
INSERT INTO written_by(book_id, author_id)
VALUES(119, 147);
INSERT INTO written_by(book_id, author_id)
VALUES(119, 148);
INSERT INTO written_by(book_id, author_id)
VALUES(119, 149);
INSERT INTO written_by(book_id, author_id)
VALUES(120, 150);
INSERT INTO written_by(book_id, author_id)
VALUES(120, 151);
INSERT INTO written_by(book_id, author_id)
VALUES(121, 152);
INSERT INTO written_by(book_id, author_id)
VALUES(122, 153);
INSERT INTO written_by(book_id, author_id)
VALUES(123, 154);
INSERT INTO written_by(book_id, author_id)
VALUES(123, 155);
INSERT INTO written_by(book_id, author_id)
VALUES(123, 156);
INSERT INTO written_by(book_id, author_id)
VALUES(124, 157);
INSERT INTO written_by(book_id, author_id)
VALUES(124, 158);
INSERT INTO written_by(book_id, author_id)
VALUES(124, 159);
INSERT INTO written_by(book_id, author_id)
VALUES(125, 160);
INSERT INTO written_by(book_id, author_id)
VALUES(125, 161);
INSERT INTO written_by(book_id, author_id)
VALUES(125, 162);
INSERT INTO written_by(book_id, author_id)
VALUES(125, 163);
INSERT INTO written_by(book_id, author_id)
VALUES(125, 164);
INSERT INTO written_by(book_id, author_id)
VALUES(126, 165);
INSERT INTO written_by(book_id, author_id)
VALUES(126, 166);
INSERT INTO written_by(book_id, author_id)
VALUES(127, 167);
INSERT INTO written_by(book_id, author_id)
VALUES(128, 168);
INSERT INTO written_by(book_id, author_id)
VALUES(128, 169);
INSERT INTO written_by(book_id, author_id)
VALUES(128, 170);
INSERT INTO written_by(book_id, author_id)
VALUES(128, 171);
INSERT INTO written_by(book_id, author_id)
VALUES(128, 172);
INSERT INTO written_by(book_id, author_id)
VALUES(129, 173);
INSERT INTO written_by(book_id, author_id)
VALUES(129, 174);
INSERT INTO written_by(book_id, author_id)
VALUES(129, 175);
INSERT INTO written_by(book_id, author_id)
VALUES(130, 176);
INSERT INTO written_by(book_id, author_id)
VALUES(131, 177);
INSERT INTO written_by(book_id, author_id)
VALUES(131, 178);
INSERT INTO written_by(book_id, author_id)
VALUES(132, 179);
INSERT INTO written_by(book_id, author_id)
VALUES(132, 180);
INSERT INTO written_by(book_id, author_id)
VALUES(132, 181);
INSERT INTO written_by(book_id, author_id)
VALUES(133, 182);
INSERT INTO written_by(book_id, author_id)
VALUES(133, 183);
INSERT INTO written_by(book_id, author_id)
VALUES(133, 184);
INSERT INTO written_by(book_id, author_id)
VALUES(133, 185);
INSERT INTO written_by(book_id, author_id)
VALUES(133, 186);
INSERT INTO written_by(book_id, author_id)
VALUES(134, 187);
INSERT INTO written_by(book_id, author_id)
VALUES(134, 188);
INSERT INTO written_by(book_id, author_id)
VALUES(134, 189);
INSERT INTO written_by(book_id, author_id)
VALUES(134, 190);
INSERT INTO written_by(book_id, author_id)
VALUES(134, 191);
INSERT INTO written_by(book_id, author_id)
VALUES(135, 192);
INSERT INTO written_by(book_id, author_id)
VALUES(136, 193);
INSERT INTO written_by(book_id, author_id)
VALUES(137, 194);
INSERT INTO written_by(book_id, author_id)
VALUES(137, 195);
INSERT INTO written_by(book_id, author_id)
VALUES(137, 196);
INSERT INTO written_by(book_id, author_id)
VALUES(137, 197);
INSERT INTO written_by(book_id, author_id)
VALUES(137, 198);
INSERT INTO written_by(book_id, author_id)
VALUES(138, 199);
INSERT INTO written_by(book_id, author_id)
VALUES(138, 200);
INSERT INTO written_by(book_id, author_id)
VALUES(139, 201);
INSERT INTO written_by(book_id, author_id)
VALUES(139, 202);
INSERT INTO written_by(book_id, author_id)
VALUES(139, 203);
INSERT INTO written_by(book_id, author_id)
VALUES(140, 204);
INSERT INTO written_by(book_id, author_id)
VALUES(141, 205);
INSERT INTO written_by(book_id, author_id)
VALUES(141, 206);
INSERT INTO written_by(book_id, author_id)
VALUES(142, 207);
INSERT INTO written_by(book_id, author_id)
VALUES(142, 208);
INSERT INTO written_by(book_id, author_id)
VALUES(142, 209);
INSERT INTO written_by(book_id, author_id)
VALUES(142, 210);
INSERT INTO written_by(book_id, author_id)
VALUES(143, 211);
INSERT INTO written_by(book_id, author_id)
VALUES(144, 212);
INSERT INTO written_by(book_id, author_id)
VALUES(144, 213);
INSERT INTO written_by(book_id, author_id)
VALUES(144, 214);
INSERT INTO written_by(book_id, author_id)
VALUES(144, 215);
INSERT INTO written_by(book_id, author_id)
VALUES(145, 216);
INSERT INTO written_by(book_id, author_id)
VALUES(145, 217);
INSERT INTO written_by(book_id, author_id)
VALUES(145, 218);
INSERT INTO written_by(book_id, author_id)
VALUES(146, 219);
INSERT INTO written_by(book_id, author_id)
VALUES(146, 220);
INSERT INTO written_by(book_id, author_id)
VALUES(146, 221);
INSERT INTO written_by(book_id, author_id)
VALUES(147, 222);
INSERT INTO written_by(book_id, author_id)
VALUES(147, 223);
INSERT INTO written_by(book_id, author_id)
VALUES(148, 224);
INSERT INTO written_by(book_id, author_id)
VALUES(148, 225);
INSERT INTO written_by(book_id, author_id)
VALUES(148, 226);
INSERT INTO written_by(book_id, author_id)
VALUES(149, 227);
INSERT INTO written_by(book_id, author_id)
VALUES(149, 228);
INSERT INTO written_by(book_id, author_id)
VALUES(149, 229);
INSERT INTO written_by(book_id, author_id)
VALUES(149, 230);
INSERT INTO written_by(book_id, author_id)
VALUES(150, 231);
INSERT INTO written_by(book_id, author_id)
VALUES(150, 232);
INSERT INTO written_by(book_id, author_id)
VALUES(151, 233);
INSERT INTO written_by(book_id, author_id)
VALUES(151, 234);
INSERT INTO written_by(book_id, author_id)
VALUES(151, 235);
INSERT INTO written_by(book_id, author_id)
VALUES(151, 236);
INSERT INTO written_by(book_id, author_id)
VALUES(152, 237);
INSERT INTO written_by(book_id, author_id)
VALUES(152, 238);
INSERT INTO written_by(book_id, author_id)
VALUES(152, 239);
INSERT INTO written_by(book_id, author_id)
VALUES(152, 240);
INSERT INTO written_by(book_id, author_id)
VALUES(153, 241);
INSERT INTO written_by(book_id, author_id)
VALUES(153, 242);
INSERT INTO written_by(book_id, author_id)
VALUES(153, 243);
INSERT INTO written_by(book_id, author_id)
VALUES(153, 244);
INSERT INTO written_by(book_id, author_id)
VALUES(154, 245);
INSERT INTO written_by(book_id, author_id)
VALUES(154, 246);
INSERT INTO written_by(book_id, author_id)
VALUES(155, 247);
INSERT INTO written_by(book_id, author_id)
VALUES(155, 248);
INSERT INTO written_by(book_id, author_id)
VALUES(155, 249);
INSERT INTO written_by(book_id, author_id)
VALUES(155, 250);
INSERT INTO written_by(book_id, author_id)
VALUES(155, 251);
INSERT INTO written_by(book_id, author_id)
VALUES(156, 252);
INSERT INTO written_by(book_id, author_id)
VALUES(157, 253);
INSERT INTO written_by(book_id, author_id)
VALUES(157, 254);
INSERT INTO written_by(book_id, author_id)
VALUES(157, 255);
INSERT INTO written_by(book_id, author_id)
VALUES(157, 256);
INSERT INTO written_by(book_id, author_id)
VALUES(158, 257);
INSERT INTO written_by(book_id, author_id)
VALUES(159, 258);
INSERT INTO written_by(book_id, author_id)
VALUES(160, 259);
INSERT INTO written_by(book_id, author_id)
VALUES(161, 260);
INSERT INTO written_by(book_id, author_id)
VALUES(161, 261);
INSERT INTO written_by(book_id, author_id)
VALUES(162, 262);
INSERT INTO written_by(book_id, author_id)
VALUES(162, 263);
INSERT INTO written_by(book_id, author_id)
VALUES(163, 264);
INSERT INTO written_by(book_id, author_id)
VALUES(163, 265);
INSERT INTO written_by(book_id, author_id)
VALUES(163, 266);
INSERT INTO written_by(book_id, author_id)
VALUES(164, 267);
INSERT INTO written_by(book_id, author_id)
VALUES(164, 268);
INSERT INTO written_by(book_id, author_id)
VALUES(165, 269);
INSERT INTO written_by(book_id, author_id)
VALUES(165, 270);
INSERT INTO written_by(book_id, author_id)
VALUES(165, 271);
INSERT INTO written_by(book_id, author_id)
VALUES(166, 272);
INSERT INTO written_by(book_id, author_id)
VALUES(166, 273);
INSERT INTO written_by(book_id, author_id)
VALUES(167, 274);
INSERT INTO written_by(book_id, author_id)
VALUES(167, 275);
INSERT INTO written_by(book_id, author_id)
VALUES(168, 276);
INSERT INTO written_by(book_id, author_id)
VALUES(168, 277);
INSERT INTO written_by(book_id, author_id)
VALUES(168, 278);
INSERT INTO written_by(book_id, author_id)
VALUES(169, 279);
INSERT INTO written_by(book_id, author_id)
VALUES(169, 280);
INSERT INTO written_by(book_id, author_id)
VALUES(169, 281);
INSERT INTO written_by(book_id, author_id)
VALUES(169, 282);
INSERT INTO written_by(book_id, author_id)
VALUES(169, 283);
INSERT INTO written_by(book_id, author_id)
VALUES(170, 284);
INSERT INTO written_by(book_id, author_id)
VALUES(170, 285);
INSERT INTO written_by(book_id, author_id)
VALUES(171, 286);
INSERT INTO written_by(book_id, author_id)
VALUES(171, 287);
INSERT INTO written_by(book_id, author_id)
VALUES(172, 288);
INSERT INTO written_by(book_id, author_id)
VALUES(172, 289);
INSERT INTO written_by(book_id, author_id)
VALUES(172, 290);
INSERT INTO written_by(book_id, author_id)
VALUES(173, 291);
INSERT INTO written_by(book_id, author_id)
VALUES(173, 292);
INSERT INTO written_by(book_id, author_id)
VALUES(173, 293);
INSERT INTO written_by(book_id, author_id)
VALUES(174, 294);
INSERT INTO written_by(book_id, author_id)
VALUES(174, 295);
INSERT INTO written_by(book_id, author_id)
VALUES(174, 296);
INSERT INTO written_by(book_id, author_id)
VALUES(175, 297);
INSERT INTO written_by(book_id, author_id)
VALUES(175, 298);
INSERT INTO written_by(book_id, author_id)
VALUES(175, 299);
INSERT INTO written_by(book_id, author_id)
VALUES(175, 300);
INSERT INTO written_by(book_id, author_id)
VALUES(175, 301);
INSERT INTO written_by(book_id, author_id)
VALUES(176, 302);
INSERT INTO written_by(book_id, author_id)
VALUES(176, 303);
INSERT INTO written_by(book_id, author_id)
VALUES(176, 304);
INSERT INTO written_by(book_id, author_id)
VALUES(177, 305);
INSERT INTO written_by(book_id, author_id)
VALUES(177, 306);
INSERT INTO written_by(book_id, author_id)
VALUES(177, 307);
INSERT INTO written_by(book_id, author_id)
VALUES(177, 308);
INSERT INTO written_by(book_id, author_id)
VALUES(177, 309);
INSERT INTO written_by(book_id, author_id)
VALUES(178, 310);
INSERT INTO written_by(book_id, author_id)
VALUES(178, 311);
INSERT INTO written_by(book_id, author_id)
VALUES(179, 312);
INSERT INTO written_by(book_id, author_id)
VALUES(179, 313);
INSERT INTO written_by(book_id, author_id)
VALUES(180, 314);
INSERT INTO written_by(book_id, author_id)
VALUES(180, 315);
INSERT INTO written_by(book_id, author_id)
VALUES(180, 316);
INSERT INTO written_by(book_id, author_id)
VALUES(181, 317);
INSERT INTO written_by(book_id, author_id)
VALUES(181, 318);
INSERT INTO written_by(book_id, author_id)
VALUES(182, 319);
INSERT INTO written_by(book_id, author_id)
VALUES(183, 320);
INSERT INTO written_by(book_id, author_id)
VALUES(183, 321);
INSERT INTO written_by(book_id, author_id)
VALUES(183, 322);
INSERT INTO written_by(book_id, author_id)
VALUES(183, 323);
INSERT INTO written_by(book_id, author_id)
VALUES(184, 324);
INSERT INTO written_by(book_id, author_id)
VALUES(184, 325);
INSERT INTO written_by(book_id, author_id)
VALUES(184, 326);
INSERT INTO written_by(book_id, author_id)
VALUES(184, 327);
INSERT INTO written_by(book_id, author_id)
VALUES(185, 328);
INSERT INTO written_by(book_id, author_id)
VALUES(185, 329);
INSERT INTO written_by(book_id, author_id)
VALUES(185, 330);
INSERT INTO written_by(book_id, author_id)
VALUES(185, 331);
INSERT INTO written_by(book_id, author_id)
VALUES(185, 332);
INSERT INTO written_by(book_id, author_id)
VALUES(186, 333);
INSERT INTO written_by(book_id, author_id)
VALUES(187, 334);
INSERT INTO written_by(book_id, author_id)
VALUES(187, 335);
INSERT INTO written_by(book_id, author_id)
VALUES(187, 336);
INSERT INTO written_by(book_id, author_id)
VALUES(188, 337);
INSERT INTO written_by(book_id, author_id)
VALUES(188, 338);
INSERT INTO written_by(book_id, author_id)
VALUES(188, 339);
INSERT INTO written_by(book_id, author_id)
VALUES(188, 340);
INSERT INTO written_by(book_id, author_id)
VALUES(188, 341);
INSERT INTO written_by(book_id, author_id)
VALUES(189, 342);
INSERT INTO written_by(book_id, author_id)
VALUES(189, 343);
INSERT INTO written_by(book_id, author_id)
VALUES(190, 344);
INSERT INTO written_by(book_id, author_id)
VALUES(190, 345);
INSERT INTO written_by(book_id, author_id)
VALUES(191, 346);
INSERT INTO written_by(book_id, author_id)
VALUES(191, 347);
INSERT INTO written_by(book_id, author_id)
VALUES(191, 348);
INSERT INTO written_by(book_id, author_id)
VALUES(191, 349);
INSERT INTO written_by(book_id, author_id)
VALUES(191, 350);
INSERT INTO written_by(book_id, author_id)
VALUES(192, 351);
INSERT INTO written_by(book_id, author_id)
VALUES(192, 352);
INSERT INTO written_by(book_id, author_id)
VALUES(192, 353);
INSERT INTO written_by(book_id, author_id)
VALUES(193, 354);
INSERT INTO written_by(book_id, author_id)
VALUES(193, 355);
INSERT INTO written_by(book_id, author_id)
VALUES(193, 356);
INSERT INTO written_by(book_id, author_id)
VALUES(194, 357);
INSERT INTO written_by(book_id, author_id)
VALUES(194, 358);
INSERT INTO written_by(book_id, author_id)
VALUES(194, 359);
INSERT INTO written_by(book_id, author_id)
VALUES(195, 360);
INSERT INTO written_by(book_id, author_id)
VALUES(195, 361);
INSERT INTO written_by(book_id, author_id)
VALUES(195, 362);
INSERT INTO written_by(book_id, author_id)
VALUES(196, 363);
INSERT INTO written_by(book_id, author_id)
VALUES(196, 364);
INSERT INTO written_by(book_id, author_id)
VALUES(196, 365);
INSERT INTO written_by(book_id, author_id)
VALUES(196, 366);
INSERT INTO written_by(book_id, author_id)
VALUES(196, 367);
INSERT INTO written_by(book_id, author_id)
VALUES(197, 368);
INSERT INTO written_by(book_id, author_id)
VALUES(197, 369);
INSERT INTO written_by(book_id, author_id)
VALUES(197, 370);
INSERT INTO written_by(book_id, author_id)
VALUES(197, 371);
INSERT INTO written_by(book_id, author_id)
VALUES(197, 372);
INSERT INTO written_by(book_id, author_id)
VALUES(198, 373);
INSERT INTO written_by(book_id, author_id)
VALUES(198, 374);
INSERT INTO written_by(book_id, author_id)
VALUES(198, 375);
INSERT INTO written_by(book_id, author_id)
VALUES(198, 376);
INSERT INTO written_by(book_id, author_id)
VALUES(198, 377);
INSERT INTO written_by(book_id, author_id)
VALUES(199, 378);
INSERT INTO written_by(book_id, author_id)
VALUES(200, 379);
INSERT INTO written_by(book_id, author_id)
VALUES(200, 380);
INSERT INTO written_by(book_id, author_id)
VALUES(200, 381);
